event_date,platform,event_name,user_count,event_count,source
2026-08-03,Web,signup_completed,820,820,Synthetic
2026-08-03,Web,onboarding_completed,690,690,Synthetic
2026-08-03,Web,transactions_import_completed,520,520,Synthetic
2026-08-03,Web,financial_dashboard_viewed,505,1680,Synthetic
2026-08-03,Web,budget_created,220,220,Synthetic
2026-08-03,Web,savings_goal_created,145,145,Synthetic
2026-08-10,Web,signup_completed,910,910,Synthetic
2026-08-10,Web,onboarding_completed,760,760,Synthetic
2026-08-10,Web,transactions_import_completed,590,590,Synthetic
2026-08-10,Web,financial_dashboard_viewed,570,1905,Synthetic
2026-08-10,Web,budget_created,255,255,Synthetic
2026-08-10,Web,savings_goal_created,168,168,Synthetic
2026-08-17,Web,signup_completed,965,965,Synthetic
2026-08-17,Web,onboarding_completed,815,815,Synthetic
2026-08-17,Web,transactions_import_completed,640,640,Synthetic
2026-08-17,Web,financial_dashboard_viewed,625,2080,Synthetic
2026-08-17,Web,budget_created,282,282,Synthetic
2026-08-17,Web,savings_goal_created,185,185,Synthetic
