experiment_id,user_id,variant,assigned_at,activated,first_action_minutes
EXP-001,U001,control,2026-08-03T09:00:00Z,1,15
EXP-001,U002,treatment,2026-08-03T10:00:00Z,1,13
EXP-001,U003,control,2026-08-04T10:55:00Z,1,15
EXP-001,U004,treatment,2026-08-05T08:15:00Z,1,21
EXP-001,U005,control,2026-08-06T12:55:00Z,0,
EXP-001,U006,treatment,2026-08-10T09:20:00Z,1,11
EXP-001,U007,control,2026-08-11T10:30:00Z,0,
EXP-001,U008,treatment,2026-08-12T14:00:00Z,1,17
EXP-001,U009,control,2026-08-13T11:40:00Z,0,
EXP-001,U010,treatment,2026-08-17T09:10:00Z,1,12
