event_id,user_id,event_name,event_time,platform,product_version
E001,U001,signup_completed,2026-08-03T09:10:00Z,Web,0.2
E002,U001,onboarding_completed,2026-08-03T09:14:00Z,Web,0.2
E003,U001,transactions_import_completed,2026-08-03T09:18:00Z,Web,0.2
E004,U001,financial_dashboard_viewed,2026-08-03T09:19:00Z,Web,0.2
E005,U001,budget_created,2026-08-03T09:25:00Z,Web,0.2
E006,U002,signup_completed,2026-08-03T10:05:00Z,Web,0.2
E007,U002,onboarding_completed,2026-08-03T10:09:00Z,Web,0.2
E008,U002,transactions_import_completed,2026-08-03T10:13:00Z,Web,0.2
E009,U002,financial_dashboard_viewed,2026-08-03T10:14:00Z,Web,0.2
E010,U002,insight_viewed,2026-08-03T10:18:00Z,Web,0.2
E011,U003,signup_completed,2026-08-04T11:00:00Z,Mobile,0.2
E012,U003,onboarding_completed,2026-08-04T11:05:00Z,Mobile,0.2
E013,U003,transactions_import_completed,2026-08-04T11:10:00Z,Mobile,0.2
E014,U003,savings_goal_created,2026-08-04T11:15:00Z,Mobile,0.2
E015,U004,signup_completed,2026-08-05T08:20:00Z,Web,0.2
E016,U004,onboarding_completed,2026-08-05T08:25:00Z,Web,0.2
E017,U004,transactions_import_completed,2026-08-05T08:30:00Z,Web,0.2
E018,U004,transaction_category_corrected,2026-08-05T08:36:00Z,Web,0.2
E019,U005,signup_completed,2026-08-06T13:00:00Z,Mobile,0.2
E020,U005,onboarding_completed,2026-08-06T13:04:00Z,Mobile,0.2
