Issue Type,Issue Key,Summary,Epic,Priority,Story Points,Status,Labels,Target Sprint
Story,FIN-101,Create user profile,FIN-EPIC-1,P0,3,Backlog,onboarding,sprint-1
Story,FIN-102,Explain financial data use,FIN-EPIC-1,P0,3,Backlog,privacy,onboarding,sprint-1
Story,FIN-103,Import transaction file,FIN-EPIC-2,P0,5,Backlog,transactions,import,sprint-1
Story,FIN-104,Display import validation errors,FIN-EPIC-2,P0,3,Backlog,transactions,validation,sprint-1
Story,FIN-105,Display categorized transactions,FIN-EPIC-2,P0,5,Backlog,categorization,transactions,sprint-2
Story,FIN-106,Correct transaction category,FIN-EPIC-2,P0,3,Backlog,categorization,transactions,sprint-2
Story,FIN-107,Display financial summary,FIN-EPIC-3,P0,5,Backlog,dashboard,analytics,sprint-2
Story,FIN-108,Explore spending categories,FIN-EPIC-3,P0,5,Backlog,dashboard,analytics,sprint-2
Story,FIN-109,Create category budget,FIN-EPIC-4,P0,3,Backlog,budget,sprint-3
Story,FIN-110,Monitor budget progress,FIN-EPIC-4,P0,5,Backlog,budget,sprint-3
Story,FIN-111,Edit category budget,FIN-EPIC-4,P0,2,Backlog,budget,sprint-3
Story,FIN-112,Create savings goal,FIN-EPIC-5,P0,3,Backlog,goals,sprint-4
Story,FIN-113,View goal progress,FIN-EPIC-5,P0,3,Backlog,goals,sprint-4
Story,FIN-114,Display financial insight,FIN-EPIC-6,P0,5,Backlog,insights,sprint-4
Story,FIN-115,Explain financial insight,FIN-EPIC-6,P0,3,Backlog,insights,transparency,sprint-4
Story,FIN-116,Act on financial insight,FIN-EPIC-6,P1,3,Backlog,insights,sprint-5
Story,FIN-117,Configure notification preferences,FIN-EPIC-7,P1,3,Backlog,notifications,sprint-5
Story,FIN-118,Send budget threshold notification,FIN-EPIC-7,P1,5,Backlog,notifications,budget,sprint-5
Story,FIN-119,Instrument core product events,FIN-EPIC-8,P0,5,Backlog,analytics,instrumentation,sprint-1
Story,FIN-120,Track insight feedback,FIN-EPIC-8,P1,3,Backlog,analytics,insights,sprint-5
Story,FIN-121,Provide data controls,FIN-EPIC-9,P0,5,Backlog,privacy,security,sprint-1
Story,FIN-122,Support financial data deletion request,FIN-EPIC-9,P0,5,Backlog,privacy,data-lifecycle,sprint-2
