Epic Name,Epic Key,Summary,Description,Priority
Onboarding & Trust,FIN-EPIC-1,Establish user financial workspace,Create profile and explain financial-data usage,P0
Transaction Import & Categorization,FIN-EPIC-2,Import and maintain transactions,Import validate categorize and correct transactions,P0
Financial Dashboard,FIN-EPIC-3,Provide financial visibility,Show income expenses cash flow and spending patterns,P0
Budget Management,FIN-EPIC-4,Enable budget planning and monitoring,Create and monitor category budgets,P0
Savings Goals,FIN-EPIC-5,Enable goal-based saving,Create and monitor financial goals,P0
Financial Insights,FIN-EPIC-6,Provide explainable financial insights,Surface relevant patterns and actions,P0
Notifications,FIN-EPIC-7,Deliver meaningful alerts,Configure and deliver budget/goal events,P1
Analytics,FIN-EPIC-8,Measure product behavior,Instrument core product events and feedback,P0
Privacy & Security,FIN-EPIC-9,Protect financial data,Provide data controls lifecycle and security requirements,P0
