card_id,card_name,list,label,priority,product_area,user_story,target_release,owner,checklist
FF-001,Import financial transactions,Ready for Development,P0;Product;Engineering,P0,Financial Data Foundation,As a user I want to import transactions so that I do not enter them manually,R0.2,Engineering,Define import schema;Validate file;Process transactions;Show result;Track analytics
FF-002,Automatically categorize transactions,Ready for Development,P0;Product;Data,P0,Financial Data Foundation,As a user I want transactions categorized automatically so that I spend less time organizing data,R0.2,Data,Define category taxonomy;Implement categorization;Add correction flow;Measure corrections
FF-003,Correct a transaction category,Ready for Development,P0;Product;QA,P0,Financial Data Foundation,As a user I want to correct a category so that my financial data stays accurate,R0.2,Product,Edit category;Persist change;Refresh totals;Track event
FF-004,View financial dashboard,Ready for Development,P0;Product;Design,P0,Financial Clarity,As a user I want a financial dashboard so that I can understand my finances quickly,R0.2,Design,Define dashboard hierarchy;Design states;Validate usability;Instrument activation
FF-005,Create a monthly budget,Product Backlog,P0;Product,P0,Budget Control,As a user I want to create a monthly budget so that I can plan spending,R0.3,Product,Define budget model;Create flow;Validate limits;Track creation
FF-006,Monitor budget progress,Product Backlog,P0;Analytics,P0,Budget Control,As a user I want to see budget progress so that I know when I am approaching a limit,R0.3,Analytics,Define progress calculation;Design status;Instrument views;QA
FF-007,Create savings goal,Product Backlog,P0;Product,P0,Financial Wellness,As a user I want to create a savings goal so that I can track progress,R0.3,Product,Define goal model;Create flow;Progress calculation;Analytics
FF-008,Explain financial insight,Product Backlog,P0;Data;Product,P0,Financial Wellness,As a user I want to understand why an insight was shown so that I can trust it,R0.4,Data,Define explanation;Add evidence;Design display;Measure action
FF-009,Manage notification preferences,Product Backlog,P1;Product,P1,Engagement,As a user I want to control notifications so that alerts remain useful,R0.4,Product,Preference model;Settings UI;Notification rules;QA
FF-010,Detect recurring expenses,Product Backlog,P1;Data,P1,Financial Wellness,As a user I want recurring expenses identified so that I can review subscriptions and commitments,R0.4,Data,Define detection logic;Validate examples;Display results;Measure review
