record_type,record_id,name,parent_id,customer_need,stage,outcome
need,NEED-001,Understand spending quickly,,NEED-001,MVP,Faster financial understanding
need,NEED-002,Reduce manual financial maintenance,,NEED-002,MVP,Reduced manual effort
need,NEED-003,Know when spending needs attention,,NEED-003,MVP,Earlier spending awareness
need,NEED-004,Track progress toward goals,,NEED-004,MVP+,Improved goal visibility
need,NEED-005,Trust financial insights,,NEED-005,MVP+,Higher insight trust
need,NEED-006,Control financial-data usage,,NEED-006,MVP,Greater user control
need,NEED-007,Avoid notification overload,,NEED-007,MVP+,More relevant communication
feature,FTR-001,Transaction Import,NEED-002,MVP,Reduced manual effort
feature,FTR-002,Automatic Categorization,NEED-002,MVP,Reduced manual effort
feature,FTR-003,Category Correction,NEED-005,MVP,Improved data trust
feature,FTR-004,Financial Dashboard,NEED-001,MVP,Faster financial understanding
feature,FTR-005,Budget Monitoring,NEED-003,MVP,Earlier spending awareness
feature,FTR-006,Savings Goals,NEED-004,MVP+,Improved goal visibility
feature,FTR-007,Explainable Insights,NEED-005,MVP+,Higher insight trust
feature,FTR-008,Recurring Expense Detection,NEED-003,MVP+,Earlier spending awareness
feature,FTR-009,Notification Preferences,NEED-007,MVP+,More relevant communication
