task_id,task_name,section,priority,workstream,owner,status,milestone,depends_on,due_phase
AS-001,Approve MVP scope,Product Definition,P0,Product,Product,Not Started,MVP scope approved,,Phase 0
AS-002,Finalize PRD,Product Definition,P0,Product,Product,Not Started,MVP scope approved,AS-001,Phase 0
AS-003,Validate dashboard wireframes,UX & Design,P0,Design,Design,Not Started,UX validated,AS-002,Phase 1
AS-004,Validate import flow,UX & Design,P0,Design,Design,Not Started,UX validated,AS-002,Phase 1
AS-005,Implement transaction import,Engineering,P0,Engineering,Engineering,Not Started,Engineering feature complete,AS-004,Phase 1
AS-006,Implement categorization,Engineering,P0,Engineering,Data,Not Started,Engineering feature complete,AS-005,Phase 1
AS-007,Implement category correction,Engineering,P0,Engineering,Engineering,Not Started,Engineering feature complete,AS-006,Phase 1
AS-008,Implement financial dashboard,Engineering,P0,Engineering,Engineering,Not Started,Engineering feature complete,AS-003;AS-006,Phase 1
AS-009,Define analytics taxonomy,Data & Analytics,P0,Analytics,Analytics,Not Started,Analytics validated,AS-002,Phase 1
AS-010,Implement product events,Data & Analytics,P0,Analytics,Engineering,Not Started,Analytics validated,AS-009,Phase 1
AS-011,Build product metrics dashboard,Data & Analytics,P1,Analytics,Analytics,Not Started,Analytics validated,AS-010,Phase 2
AS-012,Functional QA,QA & Security,P0,QA,QA,Not Started,QA sign-off,AS-005;AS-006;AS-007;AS-008,Phase 2
AS-013,Privacy review,QA & Security,P0,Security,Security,Not Started,QA sign-off,AS-002,Phase 2
AS-014,Security review,QA & Security,P0,Security,Security,Not Started,QA sign-off,AS-005;AS-008,Phase 2
AS-015,Launch readiness review,Launch Preparation,P0,Product,Product,Not Started,Launch readiness complete,AS-011;AS-012;AS-013;AS-014,Phase 3
AS-016,Prepare release notes,Launch Preparation,P1,Product,Product,Not Started,Launch readiness complete,AS-015,Phase 3
AS-017,Launch MVP,Launch Preparation,P0,Release,Product,Not Started,MVP launched,AS-015;AS-016,Phase 3
AS-018,Review activation,Post-Launch,P0,Analytics,Product,Not Started,30-day product review,AS-017,Phase 4
AS-019,Synthesize feedback,Post-Launch,P0,Research,Product,Not Started,30-day product review,AS-017,Phase 4
AS-020,Update roadmap,Post-Launch,P1,Product,Product,Not Started,30-day product review,AS-018;AS-019,Phase 4
