story_id,acceptance_area,qa_scenarios,prd_requirement,downstream
US-001,Inventory access,QA-001;QA-002,FR-001,UX/Development
US-004,Data freshness,QA-004,FR-003;FR-024,Analytics
US-009,Stockout detection,QA-007,FR-004,Development
US-013,Exception prioritization,QA-009,FR-009,Experimentation
US-016,Exception resolution,QA-012,FR-011;FR-025,Development
US-019,Recommendation explanation,QA-014,FR-013;FR-015,UX/Experimentation
US-021,Approval,QA-015,FR-014,Development
US-023,Rejection audit,QA-017,FR-014;FR-020,Development
US-026,Supplier linkage,QA-019,FR-017,Architecture
US-029,Data quality,QA-020,FR-008;FR-024,Data Engineering
US-030,Lineage,QA-021,FR-003;FR-020,Architecture
US-033,Authorization,QA-023,FR-020,Security
US-034,Audit,QA-024,FR-020,Security
US-038,Idempotency,QA-028;QA-029,INT-004,Architecture
US-039,Integration health,QA-030,INT-006;INT-009;INT-010,Observability
