Metric ID,Metric,Definition,Formula,Grain,Owner,Primary Dashboard
M-001,CCJR,Eligible booked appointments reaching defined administrative completion without avoidable scheduling or communication failure,Completed eligible appointments / Eligible booked appointments,Appointment cohort,Product,Executive
M-002,Booking success rate,Successful booking transactions divided by booking submissions,Successful bookings / Booking submissions,Booking attempt,Engineering/Product,Executive
M-003,Search-to-book conversion,Successful bookings divided by discovery sessions with search activity,Successful bookings / Search sessions,Session,Product,Executive
M-004,Availability view rate,Sessions reaching valid availability after provider discovery,Availability sessions / Provider discovery sessions,Session,Product,Booking Funnel
M-005,Slot mismatch rate,Booking attempts where selected availability is no longer valid,Invalid selected slots / Booking attempts,Booking attempt,Engineering,Booking Funnel
M-006,Self-service change completion,Successful cancellation or reschedule actions divided by started self-service changes,Completed changes / Started changes,Change attempt,Product,Executive
M-007,Notification delivery rate,Delivered notifications divided by sent notifications,Delivered / Sent,Notification,Communications,Communications
M-008,Notification failure rate,Failed notifications divided by sent notifications,Failed / Sent,Notification,Communications,Communications
M-009,Exception resolution time,Time between exception creation and resolution,Resolved timestamp - Created timestamp,Exception,Operations,Operations
M-010,Critical unresolved exceptions,Critical exceptions still unresolved beyond policy threshold,Count of qualifying exceptions,Exception,Operations,Operations
M-011,Core scheduling availability,Time core scheduling services are available divided by observed service time,Available time / Observed time,Time period,Engineering,Executive
M-012,Authorization denial rate,Denied authorization requests divided by protected-resource authorization attempts,Denied / Authorization attempts,Request,Security,Security
M-013,Audit coverage,Auditable administrative actions with corresponding audit records divided by sampled auditable actions,Audited actions / Auditable actions,Action,Security,Security
