Issue ID,Title,Type,Priority,Project,Initiative,Cycle,Labels,Status
FIN-001,Create profile,Feature,High,Transaction Foundation,Financial Clarity,Cycle 1,onboarding,Backlog
FIN-002,Explain financial data use,Feature,High,Analytics & Trust,Trust Privacy & Measurement,Cycle 1,privacy,Backlog
FIN-003,Import transactions,Feature,High,Transaction Foundation,Financial Clarity,Cycle 1,backend|data,Backlog
FIN-004,Validate import errors,Feature,High,Transaction Foundation,Financial Clarity,Cycle 1,backend|ux,Backlog
FIN-005,Define transaction event schema,Task,High,Analytics & Trust,Trust Privacy & Measurement,Cycle 1,analytics|data,Backlog
FIN-006,Implement data controls,Feature,High,Analytics & Trust,Trust Privacy & Measurement,Cycle 1,privacy|security,Backlog
FIN-007,Categorize transactions,Feature,High,Transaction Foundation,Financial Clarity,Cycle 2,data|backend,Backlog
FIN-008,Correct transaction categories,Feature,High,Transaction Foundation,Financial Clarity,Cycle 2,ux|data,Backlog
FIN-009,Build financial summary,Feature,High,Financial Dashboard,Financial Clarity,Cycle 2,frontend|data,Backlog
FIN-010,Build spending category view,Feature,High,Financial Dashboard,Financial Clarity,Cycle 2,frontend|data,Backlog
FIN-011,Add dashboard states,Improvement,Medium,Financial Dashboard,Financial Clarity,Cycle 2,frontend|ux,Backlog
FIN-012,Create budget,Feature,High,Budget & Goals,Budget & Goal Management,Cycle 3,frontend|backend,Backlog
FIN-013,Monitor budget,Feature,High,Budget & Goals,Budget & Goal Management,Cycle 3,frontend|data,Backlog
FIN-014,Edit budget,Feature,Medium,Budget & Goals,Budget & Goal Management,Cycle 3,frontend,Backlog
FIN-015,Create savings goal,Feature,High,Budget & Goals,Budget & Goal Management,Cycle 3,frontend|backend,Backlog
FIN-016,Display goal progress,Feature,High,Budget & Goals,Budget & Goal Management,Cycle 3,frontend|data,Backlog
FIN-017,Generate eligible insight,Feature,High,Insights & Engagement,Actionable Financial Insights,Cycle 4,data,Backlog
FIN-018,Display insight explanation,Feature,High,Insights & Engagement,Actionable Financial Insights,Cycle 4,ux,Backlog
FIN-019,Add insight action,Feature,Medium,Insights & Engagement,Actionable Financial Insights,Cycle 4,frontend,Backlog
FIN-020,Capture insight feedback,Feature,Medium,Insights & Engagement,Actionable Financial Insights,Cycle 4,analytics,Backlog
FIN-021,Notification preferences,Feature,Medium,Insights & Engagement,Actionable Financial Insights,Cycle 5,frontend,Backlog
FIN-022,Budget threshold notification,Feature,Medium,Insights & Engagement,Actionable Financial Insights,Cycle 5,backend|notifications,Backlog
FIN-023,Analytics QA,Task,High,Analytics & Trust,Trust Privacy & Measurement,Cycle 5,analytics|qa,Backlog
FIN-024,Privacy QA,Task,High,Analytics & Trust,Trust Privacy & Measurement,Cycle 5,privacy|security|qa,Backlog
FIN-025,Release-readiness checks,Task,High,Analytics & Trust,Trust Privacy & Measurement,Cycle 5,qa|release,Backlog
