Feedback ID,Persona,Source,Category,Type,Theme,Severity,Confidence,Synthetic,Product Implication
FB-001,Patient,Survey,Access,Usability issue,Availability confidence,High,Repeated qualitative signal,Yes,Improve slot freshness transparency
FB-002,Patient,Support,Appointment management,Confusion,Rescheduling discoverability,Medium,Support trend,Yes,Improve appointment action visibility
FB-003,Patient,Usability study,Communications,Usability issue,Reminder preferences,Medium,Direct observation,Yes,Simplify preference controls
FB-004,Clinic staff,Support,Operations,Operational pain,Exception handling,High,Support trend,Yes,Improve exception queue
FB-005,Clinic staff,Interview,Operations,Operational pain,Schedule conflict visibility,High,Repeated qualitative signal,Yes,Improve scheduling warnings
FB-006,Provider,Interview,Operations,Operational pain,Schedule reliability,High,Repeated qualitative signal,Yes,Improve availability integrity
FB-007,Patient,Survey,Trust,Confusion,Privacy transparency,Medium,Repeated qualitative signal,Yes,Improve privacy explanations
FB-008,Clinic staff,Support,Communications,Risk signal,Notification delivery visibility,High,Support trend,Yes,Expose delivery status
FB-009,Patient,In-product feedback,Experience,Usability issue,Booking progress,Medium,Behavioral data,Yes,Test progress indicator
FB-010,Organization administrator,Review,Analytics,Feature request,Operational reporting,Medium,Repeated qualitative signal,Yes,Expand operational dashboard
FB-011,Patient,Survey,Access,Positive signal,Fast availability discovery,Low,Repeated qualitative signal,Yes,Preserve discovery flow
FB-012,Clinic staff,Support,Experience,Complaint,Repeated manual follow-up,High,Support trend,Yes,Expand self-service
