participant_id,role,company_profile,planning_maturity,primary_workflow,pain_point,quote_synthetic,frequency,impact,workaround,current_tool_pattern,trust_requirement,opportunity_hypothesis
SP-001,Inventory Planner,Mid-market distributor,Medium,Daily inventory review,Inventory numbers require reconciliation,"I spend the first part of the morning figuring out which number is actually correct.",Daily,High,Compare ERP export with spreadsheet and WMS report,ERP + Excel,"Show source and refresh timestamp",Unified inventory view with data freshness
SP-002,Inventory Planner,Regional retailer,Medium,Stockout monitoring,Stockout risk appears too late,"By the time a shortage becomes obvious, the options are already expensive.",Daily,High,Manual safety-stock checks,ERP + Excel,"Show projected depletion and assumptions",Prioritized stockout-risk exceptions
SP-003,Inventory Planner,Industrial supplier,High,Replenishment planning,Recommendations lack context,"A reorder quantity without the reason behind it is hard to approve.",Daily,High,Build calculation in spreadsheet,ERP + planning spreadsheet,"Explain demand, lead time, safety stock",Explainable replenishment recommendation
SP-004,Inventory Planner,Consumer goods company,Low,Inventory aging,Excess stock is buried in reports,"I can find excess inventory, but not quickly enough to decide what to do.",Weekly,Medium,Export and filter CSV,ERP + Excel,"Aging thresholds and value impact",Exception-first excess inventory queue
SP-005,Inventory Planner,Distributor,Medium,Forecast review,Forecast changes are hard to interpret,"I need to know whether a forecast change is real or just a data issue.",Weekly,High,Compare versions manually,Forecast tool + Excel,"Forecast version and change explanation",Forecast variance context
SP-006,Inventory Planner,Manufacturer,High,SKU review,Too many alerts create noise,"If everything is urgent, I end up working from experience instead of the alerts.",Daily,High,Create personal priority list,ERP + BI dashboard,"Clear severity logic",Risk scoring and prioritization
SP-007,Inventory Planner,Regional wholesaler,Medium,Data reconciliation,Duplicate or stale records reduce trust,"I check the timestamp before I trust almost any number.",Daily,High,Cross-check source systems,ERP + WMS,"Freshness and lineage",Data-quality indicators
SP-008,Inventory Planner,Importer,Low,Replenishment planning,Long lead times are manually tracked,"Lead time is the variable that keeps changing underneath the plan.",Weekly,High,Maintain supplier spreadsheet,Excel + email,"Recent lead-time history",Lead-time variability visibility
SP-009,Procurement Manager,Industrial manufacturer,High,PO monitoring,Late POs are discovered through manual checks,"I have to chase several systems to build one supplier risk picture.",Daily,High,Email suppliers and update tracker,ERP + email + Excel,"PO status and expected receipt",Supplier exception dashboard
SP-010,Procurement Manager,Distributor,Medium,Supplier performance,Performance metrics lag actual problems,"The scorecard tells me what happened last month, not what is at risk today.",Weekly,High,Maintain supplier tracker,ERP + BI,"Near-real-time PO status",Forward-looking supplier risk
SP-011,Procurement Manager,Consumer products,Medium,Lead-time management,Lead-time variability is not visible at SKU level,"Average lead time hides the weeks when suppliers miss badly.",Weekly,High,Manual calculations,ERP + Excel,"Distribution and recent trend",SKU-supplier lead-time analytics
SP-012,Procurement Manager,Regional retailer,Low,Expediting,Late orders trigger reactive work,"Expediting becomes a fire drill because there is no shared early-warning view.",Daily,High,Email and phone escalation,Email + ERP,"Risk threshold and owner",Early-warning exception workflow
SP-013,Procurement Manager,Manufacturer,High,Purchase planning,Approval context is fragmented,"Before I approve a change, I want demand, inventory and supplier context together.",Daily,High,Open multiple screens,ERP + BI,"Traceable recommendation inputs",Decision workspace
SP-014,Warehouse Manager,3PL operation,Medium,Inventory accuracy,Physical and system inventory can diverge,"The system can say we have stock while the shelf says otherwise.",Daily,High,Cycle counts and adjustments,WMS + spreadsheets,"Adjustment history and source",Inventory discrepancy exceptions
SP-015,Warehouse Manager,Regional distributor,Low,Inbound monitoring,Expected receipts change frequently,"Receiving plans become stale when purchase orders move.",Daily,Medium,Print updated PO lists,WMS + ERP,"Latest ETA and update time",Dynamic inbound visibility
SP-016,Warehouse Manager,Manufacturer,Medium,Exception handling,Operational teams receive too many unprioritized issues,"We need a short list of things that actually need attention.",Daily,High,Create shift checklist,WMS + email,"Severity and ownership",Role-based exception queue
SP-017,Warehouse Manager,Retail distribution,Medium,Inventory aging,Aging stock lacks ownership,"We see the old stock but it is unclear who should act on it.",Weekly,Medium,Send spreadsheet to planners,WMS + Excel,"Owner and next action",Exception ownership workflow
SP-018,Warehouse Manager,Food distributor,High,Stock availability,Short-dated inventory increases risk,"Availability is not just quantity; timing matters.",Daily,High,Manual shelf-life review,WMS + Excel,"Lot/date context where applicable",Contextual inventory risk indicators
SP-019,Supply Chain Leader,Multi-site manufacturer,High,Network performance,Leadership reporting is fragmented,"I can get the numbers, but not one coherent explanation of what changed.",Weekly,High,Combine BI exports,BI + spreadsheets,"Consistent metric definitions",Executive supply-risk narrative
SP-020,Supply Chain Leader,National distributor,Medium,Working-capital review,Excess inventory and service risk are reviewed separately,"We need to see the trade-off between carrying stock and protecting service.",Weekly,High,Build management deck manually,BI + Excel,"Shared metric definitions",Inventory trade-off dashboard
