Research ID,Research Item,Type,Persona,Theme,Evidence Status,Decision Impact
RES-001,Availability confidence,Interview theme,Patient,Availability,Strong synthetic signal,High
RES-002,Booking coordination,Interview theme,Patient,Booking friction,Strong synthetic signal,High
RES-003,Self-service changes,Interview theme,Patient,Appointment management,Strong synthetic signal,High
RES-004,Reminder preferences,Interview theme,Patient,Communications,Recurring synthetic signal,Medium
RES-005,Notification delivery visibility,Interview theme,Patient/Staff,Communications,Recurring synthetic signal,Medium
RES-006,Privacy transparency,Interview theme,Patient/Admin,Trust,Recurring synthetic signal,High
RES-007,Schedule conflict visibility,Interview theme,Staff,Operations,Strong synthetic signal,High
RES-008,Administrative workload,Interview theme,Staff,Operations,Strong synthetic signal,High
RES-009,Operational reporting,Interview theme,Staff/Admin,Analytics,Recurring synthetic signal,Medium
RES-010,Provider schedule reliability,Interview theme,Provider/Staff,Scheduling,Exploratory synthetic signal,High
RES-011,Appointment change workflow,Usability opportunity,Patient,Self-service,Opportunity,High
RES-012,Exception queue concept,Opportunity hypothesis,Staff,Operations,Hypothesis,High
