story_id,prd_requirement,research_theme,strategic_pillar,validation_layer
US-001,FR-001,Inventory visibility,Inventory Visibility,Acceptance Criteria
US-004,FR-003,Data trust,Measurement & Governance,Acceptance Criteria
US-009,FR-004,Stockout risk,Exception Management,Acceptance Criteria
US-013,FR-009,Exception prioritization,Exception Management,Experimentation
US-015,FR-010,Ownership,Exception Management,Acceptance Criteria
US-017,FR-012,Connected context,Exception Management,UX Design
US-019,FR-013,Explainability,Replenishment Decision Support,Experimentation
US-021,FR-014,Human approval,Replenishment Decision Support,Acceptance Criteria
US-024,FR-020,Auditability,Measurement & Governance,QA
US-026,FR-017,Supplier-inventory linkage,Supplier Risk Visibility,Acceptance Criteria
US-029,FR-008,Data quality,Measurement & Governance,QA
US-030,FR-020,Lineage,Measurement & Governance,Technical Architecture
US-033,FR-020,Access control,Measurement & Governance,QA
US-038,INT-004,Idempotent ingestion,Inventory Visibility,Technical Architecture
US-039,INT-006,Freshness,Measurement & Governance,Analytics
